tool_id,name,category,solver_or_backend,primary_use,relevance_to_fus_sim,adoption_priority,evidence_level,source_locator,review_status,notes
PRESTUS,PREprocessing and Simulations for TUS,full_pipeline,MATLAB+k-Wave,"MRI/CT preprocessing, acoustic simulation, heating, reports","Pipeline structure; reporting; mapping/profile organization",high,README明确,https://github.com/Donders-Institute/PRESTUS,usable_with_caution,"Heavy MATLAB/SimNIBS/k-Wave stack; learn organization rather than port directly."
TUSX,Transcranial Ultrasound Simulation Toolbox,acoustic_simulation,MATLAB+k-Wave,"tFUS acoustic simulation and validation","Single-element k-Wave organization; water tank/freefield validation",high,官网/预印本待核实,https://www.tusx.org/,needs_source_verification,"Need exact GitHub/license and validation details."
BabelBrain,BabelBrain,planning_and_simulation,Python+BabelViscoFDTD,"Prospective tFUS modeling with acoustic and thermal outputs","GUI/reporting/transducer profile/thermal protocol reference",medium_high,README明确,https://github.com/ProteusMRIgHIFU/BabelBrain,usable_with_caution,"Different solver backend; do not copy numerical defaults without verification."
PlanTUS,PlanTUS,entry_target_planning,Python geometric heuristics,"Heuristic TUS transducer placement planning","Entry/target geometric metrics; avoidance proxy; no default k-Wave",medium,README明确,https://github.com/mlueckel/PlanTUS,usable_with_caution,"Planning only; acoustic validation still required."
Kranion,Kranion,phase_correction,Java/ray tracing/GPU shader,"Phase correction and treatment planning visualization","Hydrophone validation and phase correction reference",medium,论文/README明确,https://github.com/jws2f/Kranion,medium_term_reference,"Mostly phased-array/treatment planning; not full thermal pipeline."
HAS_RapidBeam,HAS / Rapid beam frameworks,fast_beam_prediction,HAS or rapid numerical models,"Rapid tcMRgFUS beam and phase correction estimation","Fast pre-screening and phase correction direction",medium,论文明确,https://www.nature.com/articles/s41598-019-43775-6,medium_term_reference,"Often ablation/tcMRgFUS context; not neuromodulation default."
CoperniFUS,CoperniFUS,stereotaxic_planning,Python+Trimesh/BrainGlobe,"Stereotaxic FUS experiment planning, especially small animal workflows","Coordinate systems, atlas integration, GUI planning ideas",medium_low,JOSS/docs明确,https://joss.theoj.org/papers/10.21105/joss.08128,planning_reference,"Not a human skull k-Wave solver."
TFUScapes_DeepTFUS,TFUScapes / DeepTFUS,ai_surrogate_dataset,AI surrogate + dataset framework,"AI-based 3D tFUS pressure field prediction","Dataset organization and long-term surrogate acceleration",future,arXiv待核实,https://arxiv.org/abs/2505.12998,do_not_use_as_default,"Need original metrics/year/data details before citing quantitatively."
tFUSFormer,tFUSFormer,ai_surrogate_model,Physics-guided Transformer,"Super-resolution / fast tFUS propagation simulation","Long-term AI surrogate reference",future,metadata/论文待核实,https://dblp.org/rec/journals/titb/ShinSYY24.html,do_not_use_as_default,"Metrics and training setup require full paper verification."
